A30UE6DWFNUCWX:3C44YUNSI2PDH177F3WVUNGE9E1PDA,0,1551561054721,"{""time"": 1551561054721, ""condition"": 0, ""mark"": ""instructions_start""}"
A30UE6DWFNUCWX:3C44YUNSI2PDH177F3WVUNGE9E1PDA,1,1551561058106,"{""time"": 1551561058106, ""response_time"": 3385, ""condition"": 0, ""mark"": ""instructions_stop""}"
A30UE6DWFNUCWX:3C44YUNSI2PDH177F3WVUNGE9E1PDA,2,1551561058111,"{""time"": 1551561058111, ""mark"": ""questionAundefined_start""}"
A30UE6DWFNUCWX:3C44YUNSI2PDH177F3WVUNGE9E1PDA,3,1551561144189,"{""response_time"": 86078, ""fever"": true, ""condition"": 0, ""mark"": ""questionA0_stop"", ""headache_credit"": 0, ""cough_credit"": 2, ""time"": 1551561144189, ""cough"": true, ""fever_credit"": 2, ""headache"": true}"
A30UE6DWFNUCWX:3C44YUNSI2PDH177F3WVUNGE9E1PDA,4,1551561175964,"{""response_time"": 31775, ""fever"": false, ""condition"": 0, ""mark"": ""questionA1_stop"", ""headache_credit"": 2, ""cough_credit"": 6, ""time"": 1551561175964, ""cough"": true, ""fever_credit"": 0, ""headache"": true}"
A30UE6DWFNUCWX:3C44YUNSI2PDH177F3WVUNGE9E1PDA,5,1551561185877,"{""response_time"": 9913, ""fever"": false, ""condition"": 0, ""mark"": ""questionA2_stop"", ""headache_credit"": 0, ""cough_credit"": 0, ""time"": 1551561185877, ""cough"": false, ""fever_credit"": 0, ""headache"": true}"
A30UE6DWFNUCWX:3C44YUNSI2PDH177F3WVUNGE9E1PDA,6,1551561206667,"{""response_time"": 20790, ""fever"": true, ""condition"": 0, ""mark"": ""questionB0_stop"", ""headache_credit"": 2, ""cough_credit"": 2, ""time"": 1551561206667, ""cough"": true, ""fever_credit"": 6, ""headache"": true}"
A30UE6DWFNUCWX:3C44YUNSI2PDH177F3WVUNGE9E1PDA,7,1551561216652,"{""response_time"": 9985, ""fever"": false, ""condition"": 0, ""mark"": ""questionB1_stop"", ""headache_credit"": 0, ""cough_credit"": 2, ""time"": 1551561216652, ""cough"": true, ""fever_credit"": 0, ""headache"": true}"
A30UE6DWFNUCWX:3C44YUNSI2PDH177F3WVUNGE9E1PDA,8,1551561221303,"{""response_time"": 4651, ""fever"": false, ""condition"": 0, ""mark"": ""questionB2_stop"", ""headache_credit"": 0, ""cough_credit"": 0, ""time"": 1551561221303, ""cough"": false, ""fever_credit"": 0, ""headache"": true}"
A30UE6DWFNUCWX:3C44YUNSI2PDH177F3WVUNGE9E1PDA,9,1551561243815,"{""response_time"": 22512, ""fever"": true, ""condition"": 0, ""mark"": ""questionC0_stop"", ""headache_credit"": 0, ""cough_credit"": 8, ""time"": 1551561243815, ""cough"": true, ""fever_credit"": 2, ""headache"": true}"
A30UE6DWFNUCWX:3C44YUNSI2PDH177F3WVUNGE9E1PDA,10,1551561258718,"{""response_time"": 14903, ""fever"": false, ""condition"": 0, ""mark"": ""questionC1_stop"", ""headache_credit"": 6, ""cough_credit"": 2, ""time"": 1551561258718, ""cough"": true, ""fever_credit"": 0, ""headache"": true}"
A30UE6DWFNUCWX:3C44YUNSI2PDH177F3WVUNGE9E1PDA,11,1551561263848,"{""response_time"": 5130, ""fever"": false, ""condition"": 0, ""mark"": ""questionC2_stop"", ""headache_credit"": 0, ""cough_credit"": 0, ""time"": 1551561263848, ""cough"": false, ""fever_credit"": 0, ""headache"": true}"
A30UE6DWFNUCWX:3C44YUNSI2PDH177F3WVUNGE9E1PDA,12,1551561269599,"{""response_time"": 5751, ""fever"": true, ""condition"": 0, ""mark"": ""questionD0_stop"", ""headache_credit"": 0, ""cough_credit"": 2, ""time"": 1551561269599, ""cough"": true, ""fever_credit"": 2, ""headache"": true}"
A30UE6DWFNUCWX:3C44YUNSI2PDH177F3WVUNGE9E1PDA,13,1551561274991,"{""response_time"": 5392, ""fever"": false, ""condition"": 0, ""mark"": ""questionD1_stop"", ""headache_credit"": 0, ""cough_credit"": 2, ""time"": 1551561274991, ""cough"": true, ""fever_credit"": 0, ""headache"": true}"
A30UE6DWFNUCWX:3C44YUNSI2PDH177F3WVUNGE9E1PDA,14,1551561277934,"{""response_time"": 2943, ""fever"": false, ""condition"": 0, ""mark"": ""questionD2_stop"", ""headache_credit"": 0, ""cough_credit"": 0, ""time"": 1551561277934, ""cough"": false, ""fever_credit"": 0, ""headache"": true}"
A30UE6DWFNUCWX:3C44YUNSI2PDH177F3WVUNGE9E1PDA,15,1551561277938,"{""time"": 1551561277938, ""mark"": ""debrief_start""}"
A30UE6DWFNUCWX:3C44YUNSI2PDH177F3WVUNGE9E1PDA,16,1551561281320,"{""answer"": ""agree"", ""time"": 1551561281320, ""response_time"": 3382, ""mark"": ""debrief_end""}"
A1VIB2NEKBZUKQ:351SEKWQS1H7WYAUNN0FQ85115FMDJ,0,1551563380144,"{""time"": 1551563380144, ""condition"": 0, ""mark"": ""instructions_start""}"
A1VIB2NEKBZUKQ:351SEKWQS1H7WYAUNN0FQ85115FMDJ,1,1551563382691,"{""time"": 1551563382691, ""response_time"": 2547, ""condition"": 0, ""mark"": ""instructions_stop""}"
A1VIB2NEKBZUKQ:351SEKWQS1H7WYAUNN0FQ85115FMDJ,2,1551563382697,"{""time"": 1551563382697, ""mark"": ""questionAundefined_start""}"
A1VIB2NEKBZUKQ:351SEKWQS1H7WYAUNN0FQ85115FMDJ,3,1551563435083,"{""response_time"": 52386, ""fever"": true, ""condition"": 0, ""mark"": ""questionA0_stop"", ""headache_credit"": 0, ""cough_credit"": 2, ""time"": 1551563435083, ""cough"": true, ""fever_credit"": 2, ""headache"": true}"
A1VIB2NEKBZUKQ:351SEKWQS1H7WYAUNN0FQ85115FMDJ,4,1551563453304,"{""response_time"": 18221, ""fever"": false, ""condition"": 0, ""mark"": ""questionA1_stop"", ""headache_credit"": 0, ""cough_credit"": 2, ""time"": 1551563453304, ""cough"": true, ""fever_credit"": 0, ""headache"": true}"
A1VIB2NEKBZUKQ:351SEKWQS1H7WYAUNN0FQ85115FMDJ,5,1551563459492,"{""response_time"": 6187, ""fever"": false, ""condition"": 0, ""mark"": ""questionA2_stop"", ""headache_credit"": 0, ""cough_credit"": 2, ""time"": 1551563459492, ""cough"": false, ""fever_credit"": 0, ""headache"": true}"
A1VIB2NEKBZUKQ:351SEKWQS1H7WYAUNN0FQ85115FMDJ,6,1551563462155,"{""response_time"": 2663, ""fever"": true, ""condition"": 0, ""mark"": ""questionB0_stop"", ""headache_credit"": 0, ""cough_credit"": 2, ""time"": 1551563462155, ""cough"": true, ""fever_credit"": 0, ""headache"": true}"
A1VIB2NEKBZUKQ:351SEKWQS1H7WYAUNN0FQ85115FMDJ,7,1551563465364,"{""response_time"": 3209, ""fever"": false, ""condition"": 0, ""mark"": ""questionB1_stop"", ""headache_credit"": 0, ""cough_credit"": 2, ""time"": 1551563465364, ""cough"": true, ""fever_credit"": 0, ""headache"": true}"
A1VIB2NEKBZUKQ:351SEKWQS1H7WYAUNN0FQ85115FMDJ,8,1551563470324,"{""response_time"": 4960, ""fever"": false, ""condition"": 0, ""mark"": ""questionB2_stop"", ""headache_credit"": 0, ""cough_credit"": 2, ""time"": 1551563470324, ""cough"": false, ""fever_credit"": 0, ""headache"": true}"
A1VIB2NEKBZUKQ:351SEKWQS1H7WYAUNN0FQ85115FMDJ,9,1551563472563,"{""response_time"": 2239, ""fever"": true, ""condition"": 0, ""mark"": ""questionC0_stop"", ""headache_credit"": 0, ""cough_credit"": 2, ""time"": 1551563472563, ""cough"": true, ""fever_credit"": 0, ""headache"": true}"
A1VIB2NEKBZUKQ:351SEKWQS1H7WYAUNN0FQ85115FMDJ,10,1551563474915,"{""response_time"": 2352, ""fever"": false, ""condition"": 0, ""mark"": ""questionC1_stop"", ""headache_credit"": 0, ""cough_credit"": 2, ""time"": 1551563474915, ""cough"": true, ""fever_credit"": 0, ""headache"": true}"
A1VIB2NEKBZUKQ:351SEKWQS1H7WYAUNN0FQ85115FMDJ,11,1551563477526,"{""response_time"": 2611, ""fever"": false, ""condition"": 0, ""mark"": ""questionC2_stop"", ""headache_credit"": 0, ""cough_credit"": 2, ""time"": 1551563477526, ""cough"": false, ""fever_credit"": 0, ""headache"": true}"
A1VIB2NEKBZUKQ:351SEKWQS1H7WYAUNN0FQ85115FMDJ,12,1551563479821,"{""response_time"": 2295, ""fever"": true, ""condition"": 0, ""mark"": ""questionD0_stop"", ""headache_credit"": 0, ""cough_credit"": 2, ""time"": 1551563479821, ""cough"": true, ""fever_credit"": 0, ""headache"": true}"
A1VIB2NEKBZUKQ:351SEKWQS1H7WYAUNN0FQ85115FMDJ,13,1551563482880,"{""response_time"": 3059, ""fever"": false, ""condition"": 0, ""mark"": ""questionD1_stop"", ""headache_credit"": 0, ""cough_credit"": 2, ""time"": 1551563482880, ""cough"": true, ""fever_credit"": 0, ""headache"": true}"
A1VIB2NEKBZUKQ:351SEKWQS1H7WYAUNN0FQ85115FMDJ,14,1551563485840,"{""response_time"": 2960, ""fever"": false, ""condition"": 0, ""mark"": ""questionD2_stop"", ""headache_credit"": 0, ""cough_credit"": 2, ""time"": 1551563485840, ""cough"": false, ""fever_credit"": 0, ""headache"": true}"
A1VIB2NEKBZUKQ:351SEKWQS1H7WYAUNN0FQ85115FMDJ,15,1551563485844,"{""time"": 1551563485844, ""mark"": ""debrief_start""}"
A1VIB2NEKBZUKQ:351SEKWQS1H7WYAUNN0FQ85115FMDJ,16,1551563494368,"{""answer"": ""agree"", ""time"": 1551563494368, ""response_time"": 8524, ""mark"": ""debrief_end""}"
A22QD6M0A2C77C:3R5F3LQFV3KYZ202SL8DWFURNRHOZT,0,1551563814413,"{""time"": 1551563814413, ""condition"": 0, ""mark"": ""instructions_start""}"
A22QD6M0A2C77C:3R5F3LQFV3KYZ202SL8DWFURNRHOZT,1,1551563832662,"{""time"": 1551563832662, ""response_time"": 18249, ""condition"": 0, ""mark"": ""instructions_stop""}"
A22QD6M0A2C77C:3R5F3LQFV3KYZ202SL8DWFURNRHOZT,2,1551563832665,"{""time"": 1551563832665, ""mark"": ""questionAundefined_start""}"
A22QD6M0A2C77C:3R5F3LQFV3KYZ202SL8DWFURNRHOZT,3,1551563859258,"{""response_time"": 26592, ""fever"": true, ""condition"": 0, ""mark"": ""questionA0_stop"", ""headache_credit"": 0, ""cough_credit"": 2, ""time"": 1551563859257, ""cough"": true, ""fever_credit"": 2, ""headache"": true}"
A22QD6M0A2C77C:3R5F3LQFV3KYZ202SL8DWFURNRHOZT,4,1551563875431,"{""response_time"": 16173, ""fever"": false, ""condition"": 0, ""mark"": ""questionA1_stop"", ""headache_credit"": 0, ""cough_credit"": 6, ""time"": 1551563875431, ""cough"": true, ""fever_credit"": 0, ""headache"": true}"
A22QD6M0A2C77C:3R5F3LQFV3KYZ202SL8DWFURNRHOZT,5,1551563878611,"{""response_time"": 3180, ""fever"": false, ""condition"": 0, ""mark"": ""questionA2_stop"", ""headache_credit"": 0, ""cough_credit"": 0, ""time"": 1551563878611, ""cough"": false, ""fever_credit"": 0, ""headache"": true}"
A22QD6M0A2C77C:3R5F3LQFV3KYZ202SL8DWFURNRHOZT,6,1551563901840,"{""response_time"": 23229, ""fever"": true, ""condition"": 0, ""mark"": ""questionB0_stop"", ""headache_credit"": 0, ""cough_credit"": 5, ""time"": 1551563901840, ""cough"": true, ""fever_credit"": 5, ""headache"": true}"
A22QD6M0A2C77C:3R5F3LQFV3KYZ202SL8DWFURNRHOZT,7,1551563909414,"{""response_time"": 7573, ""fever"": false, ""condition"": 0, ""mark"": ""questionB1_stop"", ""headache_credit"": 0, ""cough_credit"": 2, ""time"": 1551563909414, ""cough"": true, ""fever_credit"": 0, ""headache"": true}"
A22QD6M0A2C77C:3R5F3LQFV3KYZ202SL8DWFURNRHOZT,8,1551563926451,"{""response_time"": 17037, ""fever"": false, ""condition"": 0, ""mark"": ""questionB2_stop"", ""headache_credit"": 0, ""cough_credit"": 0, ""time"": 1551563926451, ""cough"": false, ""fever_credit"": 0, ""headache"": true}"
A22QD6M0A2C77C:3R5F3LQFV3KYZ202SL8DWFURNRHOZT,9,1551563948378,"{""response_time"": 21927, ""fever"": true, ""condition"": 0, ""mark"": ""questionC0_stop"", ""headache_credit"": 0, ""cough_credit"": 5, ""time"": 1551563948378, ""cough"": true, ""fever_credit"": 5, ""headache"": true}"
A22QD6M0A2C77C:3R5F3LQFV3KYZ202SL8DWFURNRHOZT,10,1551563971255,"{""response_time"": 22877, ""fever"": false, ""condition"": 0, ""mark"": ""questionC1_stop"", ""headache_credit"": 0, ""cough_credit"": 2, ""time"": 1551563971255, ""cough"": true, ""fever_credit"": 6, ""headache"": true}"
A22QD6M0A2C77C:3R5F3LQFV3KYZ202SL8DWFURNRHOZT,11,1551563973985,"{""response_time"": 2729, ""fever"": false, ""condition"": 0, ""mark"": ""questionC2_stop"", ""headache_credit"": 0, ""cough_credit"": 0, ""time"": 1551563973985, ""cough"": false, ""fever_credit"": 0, ""headache"": true}"
A22QD6M0A2C77C:3R5F3LQFV3KYZ202SL8DWFURNRHOZT,12,1551563979579,"{""response_time"": 5594, ""fever"": true, ""condition"": 0, ""mark"": ""questionD0_stop"", ""headache_credit"": 0, ""cough_credit"": 2, ""time"": 1551563979579, ""cough"": true, ""fever_credit"": 2, ""headache"": true}"
A22QD6M0A2C77C:3R5F3LQFV3KYZ202SL8DWFURNRHOZT,13,1551563985714,"{""response_time"": 6135, ""fever"": false, ""condition"": 0, ""mark"": ""questionD1_stop"", ""headache_credit"": 0, ""cough_credit"": 2, ""time"": 1551563985714, ""cough"": true, ""fever_credit"": 0, ""headache"": true}"
A22QD6M0A2C77C:3R5F3LQFV3KYZ202SL8DWFURNRHOZT,14,1551563988096,"{""response_time"": 2382, ""fever"": false, ""condition"": 0, ""mark"": ""questionD2_stop"", ""headache_credit"": 0, ""cough_credit"": 0, ""time"": 1551563988096, ""cough"": false, ""fever_credit"": 0, ""headache"": true}"
A22QD6M0A2C77C:3R5F3LQFV3KYZ202SL8DWFURNRHOZT,15,1551563988098,"{""time"": 1551563988098, ""mark"": ""debrief_start""}"
A22QD6M0A2C77C:3R5F3LQFV3KYZ202SL8DWFURNRHOZT,16,1551563992076,"{""answer"": ""agree"", ""time"": 1551563992076, ""response_time"": 3978, ""mark"": ""debrief_end""}"
A19H44LQJ0TEXF:3QFUFYSY9ZFOQSZK8PZXFP84UVOF4N,0,1551567229761,"{""time"": 1551567229761, ""condition"": 0, ""mark"": ""instructions_start""}"
A19H44LQJ0TEXF:3QFUFYSY9ZFOQSZK8PZXFP84UVOF4N,1,1551567254714,"{""time"": 1551567254714, ""response_time"": 24953, ""condition"": 0, ""mark"": ""instructions_stop""}"
A19H44LQJ0TEXF:3QFUFYSY9ZFOQSZK8PZXFP84UVOF4N,2,1551567254718,"{""time"": 1551567254718, ""mark"": ""questionAundefined_start""}"
A19H44LQJ0TEXF:3QFUFYSY9ZFOQSZK8PZXFP84UVOF4N,3,1551567306180,"{""response_time"": 51462, ""fever"": true, ""condition"": 0, ""mark"": ""questionA0_stop"", ""headache_credit"": 0, ""cough_credit"": 2, ""time"": 1551567306180, ""cough"": true, ""fever_credit"": 2, ""headache"": true}"
A19H44LQJ0TEXF:3QFUFYSY9ZFOQSZK8PZXFP84UVOF4N,4,1551567325650,"{""response_time"": 19470, ""fever"": false, ""condition"": 0, ""mark"": ""questionA1_stop"", ""headache_credit"": 0, ""cough_credit"": 8, ""time"": 1551567325650, ""cough"": true, ""fever_credit"": 0, ""headache"": true}"
A19H44LQJ0TEXF:3QFUFYSY9ZFOQSZK8PZXFP84UVOF4N,5,1551567329945,"{""response_time"": 4295, ""fever"": false, ""condition"": 0, ""mark"": ""questionA2_stop"", ""headache_credit"": 0, ""cough_credit"": 0, ""time"": 1551567329945, ""cough"": false, ""fever_credit"": 0, ""headache"": true}"
A19H44LQJ0TEXF:3QFUFYSY9ZFOQSZK8PZXFP84UVOF4N,6,1551567337316,"{""response_time"": 7371, ""fever"": true, ""condition"": 0, ""mark"": ""questionB0_stop"", ""headache_credit"": 0, ""cough_credit"": 5, ""time"": 1551567337316, ""cough"": true, ""fever_credit"": 0, ""headache"": true}"
A19H44LQJ0TEXF:3QFUFYSY9ZFOQSZK8PZXFP84UVOF4N,7,1551567340511,"{""response_time"": 3195, ""fever"": false, ""condition"": 0, ""mark"": ""questionB1_stop"", ""headache_credit"": 0, ""cough_credit"": 2, ""time"": 1551567340511, ""cough"": true, ""fever_credit"": 0, ""headache"": true}"
A19H44LQJ0TEXF:3QFUFYSY9ZFOQSZK8PZXFP84UVOF4N,8,1551567343841,"{""response_time"": 3330, ""fever"": false, ""condition"": 0, ""mark"": ""questionB2_stop"", ""headache_credit"": 0, ""cough_credit"": 0, ""time"": 1551567343841, ""cough"": false, ""fever_credit"": 0, ""headache"": true}"
A19H44LQJ0TEXF:3QFUFYSY9ZFOQSZK8PZXFP84UVOF4N,9,1551567349402,"{""response_time"": 5561, ""fever"": true, ""condition"": 0, ""mark"": ""questionC0_stop"", ""headache_credit"": 0, ""cough_credit"": 5, ""time"": 1551567349402, ""cough"": true, ""fever_credit"": 5, ""headache"": true}"
A19H44LQJ0TEXF:3QFUFYSY9ZFOQSZK8PZXFP84UVOF4N,10,1551567358418,"{""response_time"": 9016, ""fever"": false, ""condition"": 0, ""mark"": ""questionC1_stop"", ""headache_credit"": 0, ""cough_credit"": 8, ""time"": 1551567358418, ""cough"": true, ""fever_credit"": 0, ""headache"": true}"
A19H44LQJ0TEXF:3QFUFYSY9ZFOQSZK8PZXFP84UVOF4N,11,1551567360938,"{""response_time"": 2520, ""fever"": false, ""condition"": 0, ""mark"": ""questionC2_stop"", ""headache_credit"": 0, ""cough_credit"": 0, ""time"": 1551567360938, ""cough"": false, ""fever_credit"": 0, ""headache"": true}"
A19H44LQJ0TEXF:3QFUFYSY9ZFOQSZK8PZXFP84UVOF4N,12,1551567364879,"{""response_time"": 3941, ""fever"": true, ""condition"": 0, ""mark"": ""questionD0_stop"", ""headache_credit"": 0, ""cough_credit"": 2, ""time"": 1551567364879, ""cough"": true, ""fever_credit"": 2, ""headache"": true}"
A19H44LQJ0TEXF:3QFUFYSY9ZFOQSZK8PZXFP84UVOF4N,13,1551567368497,"{""response_time"": 3617, ""fever"": false, ""condition"": 0, ""mark"": ""questionD1_stop"", ""headache_credit"": 0, ""cough_credit"": 2, ""time"": 1551567368497, ""cough"": true, ""fever_credit"": 0, ""headache"": true}"
A19H44LQJ0TEXF:3QFUFYSY9ZFOQSZK8PZXFP84UVOF4N,14,1551567369799,"{""response_time"": 1302, ""fever"": false, ""condition"": 0, ""mark"": ""questionD2_stop"", ""headache_credit"": 0, ""cough_credit"": 0, ""time"": 1551567369799, ""cough"": false, ""fever_credit"": 0, ""headache"": true}"
A19H44LQJ0TEXF:3QFUFYSY9ZFOQSZK8PZXFP84UVOF4N,15,1551567369802,"{""time"": 1551567369802, ""mark"": ""debrief_start""}"
A19H44LQJ0TEXF:3QFUFYSY9ZFOQSZK8PZXFP84UVOF4N,16,1551567375184,"{""answer"": ""agree"", ""time"": 1551567375184, ""response_time"": 5382, ""mark"": ""debrief_end""}"
A2NA2OJT15COZY:3WOKGM4L72G1XHUCORVLQGR55K70OM,0,1551576022453,"{""time"": 1551576022453, ""condition"": 0, ""mark"": ""instructions_start""}"
A2NA2OJT15COZY:3WOKGM4L72G1XHUCORVLQGR55K70OM,1,1551576033877,"{""time"": 1551576033877, ""response_time"": 11424, ""condition"": 0, ""mark"": ""instructions_stop""}"
A2NA2OJT15COZY:3WOKGM4L72G1XHUCORVLQGR55K70OM,2,1551576033913,"{""time"": 1551576033913, ""mark"": ""questionAundefined_start""}"
A2NA2OJT15COZY:3WOKGM4L72G1XHUCORVLQGR55K70OM,3,1551576077966,"{""response_time"": 44053, ""fever"": true, ""condition"": 0, ""mark"": ""questionA0_stop"", ""headache_credit"": 0, ""cough_credit"": 2, ""time"": 1551576077966, ""cough"": true, ""fever_credit"": 2, ""headache"": true}"
A2NA2OJT15COZY:3WOKGM4L72G1XHUCORVLQGR55K70OM,4,1551576110938,"{""response_time"": 32972, ""fever"": false, ""condition"": 0, ""mark"": ""questionA1_stop"", ""headache_credit"": 0, ""cough_credit"": 8, ""time"": 1551576110938, ""cough"": true, ""fever_credit"": 0, ""headache"": true}"
A2NA2OJT15COZY:3WOKGM4L72G1XHUCORVLQGR55K70OM,5,1551576123439,"{""response_time"": 12501, ""fever"": false, ""condition"": 0, ""mark"": ""questionA2_stop"", ""headache_credit"": 0, ""cough_credit"": 0, ""time"": 1551576123439, ""cough"": false, ""fever_credit"": 0, ""headache"": true}"
A2NA2OJT15COZY:3WOKGM4L72G1XHUCORVLQGR55K70OM,6,1551576142937,"{""response_time"": 19498, ""fever"": true, ""condition"": 0, ""mark"": ""questionB0_stop"", ""headache_credit"": 0, ""cough_credit"": 5, ""time"": 1551576142937, ""cough"": true, ""fever_credit"": 5, ""headache"": true}"
A2NA2OJT15COZY:3WOKGM4L72G1XHUCORVLQGR55K70OM,7,1551576153550,"{""response_time"": 10613, ""fever"": false, ""condition"": 0, ""mark"": ""questionB1_stop"", ""headache_credit"": 0, ""cough_credit"": 2, ""time"": 1551576153550, ""cough"": true, ""fever_credit"": 0, ""headache"": true}"
A2NA2OJT15COZY:3WOKGM4L72G1XHUCORVLQGR55K70OM,8,1551576157484,"{""response_time"": 3934, ""fever"": false, ""condition"": 0, ""mark"": ""questionB2_stop"", ""headache_credit"": 0, ""cough_credit"": 0, ""time"": 1551576157484, ""cough"": false, ""fever_credit"": 0, ""headache"": true}"
A2NA2OJT15COZY:3WOKGM4L72G1XHUCORVLQGR55K70OM,9,1551576180019,"{""response_time"": 22535, ""fever"": true, ""condition"": 0, ""mark"": ""questionC0_stop"", ""headache_credit"": 0, ""cough_credit"": 5, ""time"": 1551576180019, ""cough"": true, ""fever_credit"": 5, ""headache"": true}"
A2NA2OJT15COZY:3WOKGM4L72G1XHUCORVLQGR55K70OM,10,1551576193803,"{""response_time"": 13784, ""fever"": false, ""condition"": 0, ""mark"": ""questionC1_stop"", ""headache_credit"": 0, ""cough_credit"": 8, ""time"": 1551576193803, ""cough"": true, ""fever_credit"": 0, ""headache"": true}"
A2NA2OJT15COZY:3WOKGM4L72G1XHUCORVLQGR55K70OM,11,1551576196278,"{""response_time"": 2475, ""fever"": false, ""condition"": 0, ""mark"": ""questionC2_stop"", ""headache_credit"": 0, ""cough_credit"": 0, ""time"": 1551576196278, ""cough"": false, ""fever_credit"": 0, ""headache"": true}"
A2NA2OJT15COZY:3WOKGM4L72G1XHUCORVLQGR55K70OM,12,1551576206751,"{""response_time"": 10473, ""fever"": true, ""condition"": 0, ""mark"": ""questionD0_stop"", ""headache_credit"": 0, ""cough_credit"": 2, ""time"": 1551576206751, ""cough"": true, ""fever_credit"": 2, ""headache"": true}"
A2NA2OJT15COZY:3WOKGM4L72G1XHUCORVLQGR55K70OM,13,1551576215887,"{""response_time"": 9136, ""fever"": false, ""condition"": 0, ""mark"": ""questionD1_stop"", ""headache_credit"": 0, ""cough_credit"": 2, ""time"": 1551576215887, ""cough"": true, ""fever_credit"": 0, ""headache"": true}"
A2NA2OJT15COZY:3WOKGM4L72G1XHUCORVLQGR55K70OM,14,1551576220848,"{""response_time"": 4961, ""fever"": false, ""condition"": 0, ""mark"": ""questionD2_stop"", ""headache_credit"": 0, ""cough_credit"": 0, ""time"": 1551576220848, ""cough"": false, ""fever_credit"": 0, ""headache"": true}"
A2NA2OJT15COZY:3WOKGM4L72G1XHUCORVLQGR55K70OM,15,1551576220872,"{""time"": 1551576220872, ""mark"": ""debrief_start""}"
A2NA2OJT15COZY:3WOKGM4L72G1XHUCORVLQGR55K70OM,16,1551576230537,"{""answer"": ""agree"", ""time"": 1551576230537, ""response_time"": 9665, ""mark"": ""debrief_end""}"
A3LT7W355XOAKF:3HRMW88U17QDXE90BBG8YC20AKS0M7,0,1551576166512,"{""time"": 1551576166512, ""condition"": 0, ""mark"": ""instructions_start""}"
A3LT7W355XOAKF:3HRMW88U17QDXE90BBG8YC20AKS0M7,1,1551576211041,"{""time"": 1551576211041, ""response_time"": 44529, ""condition"": 0, ""mark"": ""instructions_stop""}"
A3LT7W355XOAKF:3HRMW88U17QDXE90BBG8YC20AKS0M7,2,1551576211046,"{""time"": 1551576211046, ""mark"": ""questionAundefined_start""}"
A3LT7W355XOAKF:3HRMW88U17QDXE90BBG8YC20AKS0M7,3,1551576374356,"{""response_time"": 163310, ""fever"": true, ""condition"": 0, ""mark"": ""questionA0_stop"", ""headache_credit"": 1, ""cough_credit"": 1, ""time"": 1551576374356, ""cough"": true, ""fever_credit"": 2, ""headache"": true}"
A3LT7W355XOAKF:3HRMW88U17QDXE90BBG8YC20AKS0M7,4,1551576424530,"{""response_time"": 50174, ""fever"": false, ""condition"": 0, ""mark"": ""questionA1_stop"", ""headache_credit"": 1, ""cough_credit"": 3, ""time"": 1551576424530, ""cough"": true, ""fever_credit"": 4, ""headache"": true}"
A3LT7W355XOAKF:3HRMW88U17QDXE90BBG8YC20AKS0M7,5,1551576443544,"{""response_time"": 19014, ""fever"": false, ""condition"": 0, ""mark"": ""questionA2_stop"", ""headache_credit"": 0, ""cough_credit"": 0, ""time"": 1551576443544, ""cough"": false, ""fever_credit"": 0, ""headache"": true}"
A3LT7W355XOAKF:3HRMW88U17QDXE90BBG8YC20AKS0M7,6,1551576497270,"{""response_time"": 53726, ""fever"": true, ""condition"": 0, ""mark"": ""questionB0_stop"", ""headache_credit"": 1, ""cough_credit"": 3, ""time"": 1551576497270, ""cough"": true, ""fever_credit"": 6, ""headache"": true}"
A3LT7W355XOAKF:3HRMW88U17QDXE90BBG8YC20AKS0M7,7,1551576508234,"{""response_time"": 10964, ""fever"": false, ""condition"": 0, ""mark"": ""questionB1_stop"", ""headache_credit"": 0, ""cough_credit"": 2, ""time"": 1551576508234, ""cough"": true, ""fever_credit"": 0, ""headache"": true}"
A3LT7W355XOAKF:3HRMW88U17QDXE90BBG8YC20AKS0M7,8,1551576515971,"{""response_time"": 7737, ""fever"": false, ""condition"": 0, ""mark"": ""questionB2_stop"", ""headache_credit"": 0, ""cough_credit"": 0, ""time"": 1551576515971, ""cough"": false, ""fever_credit"": 0, ""headache"": true}"
A3LT7W355XOAKF:3HRMW88U17QDXE90BBG8YC20AKS0M7,9,1551576536253,"{""response_time"": 20281, ""fever"": true, ""condition"": 0, ""mark"": ""questionC0_stop"", ""headache_credit"": 1, ""cough_credit"": 4, ""time"": 1551576536253, ""cough"": true, ""fever_credit"": 5, ""headache"": true}"
A3LT7W355XOAKF:3HRMW88U17QDXE90BBG8YC20AKS0M7,10,1551576557984,"{""response_time"": 21731, ""fever"": false, ""condition"": 0, ""mark"": ""questionC1_stop"", ""headache_credit"": 2, ""cough_credit"": 6, ""time"": 1551576557984, ""cough"": true, ""fever_credit"": 0, ""headache"": true}"
A3LT7W355XOAKF:3HRMW88U17QDXE90BBG8YC20AKS0M7,11,1551576568276,"{""response_time"": 10292, ""fever"": false, ""condition"": 0, ""mark"": ""questionC2_stop"", ""headache_credit"": 0, ""cough_credit"": 0, ""time"": 1551576568276, ""cough"": false, ""fever_credit"": 0, ""headache"": true}"
A3LT7W355XOAKF:3HRMW88U17QDXE90BBG8YC20AKS0M7,12,1551576589353,"{""response_time"": 21077, ""fever"": true, ""condition"": 0, ""mark"": ""questionD0_stop"", ""headache_credit"": 0, ""cough_credit"": 2, ""time"": 1551576589353, ""cough"": true, ""fever_credit"": 2, ""headache"": true}"
A3LT7W355XOAKF:3HRMW88U17QDXE90BBG8YC20AKS0M7,13,1551576605976,"{""response_time"": 16623, ""fever"": false, ""condition"": 0, ""mark"": ""questionD1_stop"", ""headache_credit"": 1, ""cough_credit"": 1, ""time"": 1551576605976, ""cough"": true, ""fever_credit"": 0, ""headache"": true}"
A3LT7W355XOAKF:3HRMW88U17QDXE90BBG8YC20AKS0M7,14,1551576609426,"{""response_time"": 3450, ""fever"": false, ""condition"": 0, ""mark"": ""questionD2_stop"", ""headache_credit"": 0, ""cough_credit"": 0, ""time"": 1551576609426, ""cough"": false, ""fever_credit"": 0, ""headache"": true}"
A3LT7W355XOAKF:3HRMW88U17QDXE90BBG8YC20AKS0M7,15,1551576609444,"{""time"": 1551576609444, ""mark"": ""debrief_start""}"
A3LT7W355XOAKF:3HRMW88U17QDXE90BBG8YC20AKS0M7,16,1551576620367,"{""answer"": ""agree"", ""time"": 1551576620367, ""response_time"": 10923, ""mark"": ""debrief_end""}"
A2I6ZALE49CVSC:3RWE2M8QWIAJFWU0NCV8BRR0FA20N7,0,1551576169576,"{""time"": 1551576169576, ""condition"": 0, ""mark"": ""instructions_start""}"
A2I6ZALE49CVSC:3RWE2M8QWIAJFWU0NCV8BRR0FA20N7,1,1551576179265,"{""time"": 1551576179265, ""response_time"": 9689, ""condition"": 0, ""mark"": ""instructions_stop""}"
A2I6ZALE49CVSC:3RWE2M8QWIAJFWU0NCV8BRR0FA20N7,2,1551576179268,"{""time"": 1551576179268, ""mark"": ""questionAundefined_start""}"
A2I6ZALE49CVSC:3RWE2M8QWIAJFWU0NCV8BRR0FA20N7,3,1551576243823,"{""response_time"": 64555, ""fever"": true, ""condition"": 0, ""mark"": ""questionA0_stop"", ""headache_credit"": 0, ""cough_credit"": 2, ""time"": 1551576243823, ""cough"": true, ""fever_credit"": 2, ""headache"": true}"
A2I6ZALE49CVSC:3RWE2M8QWIAJFWU0NCV8BRR0FA20N7,4,1551576287245,"{""response_time"": 43422, ""fever"": false, ""condition"": 0, ""mark"": ""questionA1_stop"", ""headache_credit"": 0, ""cough_credit"": 6, ""time"": 1551576287245, ""cough"": true, ""fever_credit"": 2, ""headache"": true}"
A2I6ZALE49CVSC:3RWE2M8QWIAJFWU0NCV8BRR0FA20N7,5,1551576301843,"{""response_time"": 14598, ""fever"": false, ""condition"": 0, ""mark"": ""questionA2_stop"", ""headache_credit"": 0, ""cough_credit"": 0, ""time"": 1551576301843, ""cough"": false, ""fever_credit"": 0, ""headache"": true}"
A2I6ZALE49CVSC:3RWE2M8QWIAJFWU0NCV8BRR0FA20N7,6,1551576325890,"{""response_time"": 24047, ""fever"": true, ""condition"": 0, ""mark"": ""questionB0_stop"", ""headache_credit"": 0, ""cough_credit"": 5, ""time"": 1551576325890, ""cough"": true, ""fever_credit"": 5, ""headache"": true}"
A2I6ZALE49CVSC:3RWE2M8QWIAJFWU0NCV8BRR0FA20N7,7,1551576332865,"{""response_time"": 6975, ""fever"": false, ""condition"": 0, ""mark"": ""questionB1_stop"", ""headache_credit"": 0, ""cough_credit"": 2, ""time"": 1551576332865, ""cough"": true, ""fever_credit"": 0, ""headache"": true}"
A2I6ZALE49CVSC:3RWE2M8QWIAJFWU0NCV8BRR0FA20N7,8,1551576340661,"{""response_time"": 7796, ""fever"": false, ""condition"": 0, ""mark"": ""questionB2_stop"", ""headache_credit"": 0, ""cough_credit"": 0, ""time"": 1551576340661, ""cough"": false, ""fever_credit"": 0, ""headache"": true}"
A2I6ZALE49CVSC:3RWE2M8QWIAJFWU0NCV8BRR0FA20N7,9,1551576353730,"{""response_time"": 13069, ""fever"": true, ""condition"": 0, ""mark"": ""questionC0_stop"", ""headache_credit"": 0, ""cough_credit"": 5, ""time"": 1551576353730, ""cough"": true, ""fever_credit"": 5, ""headache"": true}"
A2I6ZALE49CVSC:3RWE2M8QWIAJFWU0NCV8BRR0FA20N7,10,1551576372102,"{""response_time"": 18372, ""fever"": false, ""condition"": 0, ""mark"": ""questionC1_stop"", ""headache_credit"": 0, ""cough_credit"": 6, ""time"": 1551576372102, ""cough"": true, ""fever_credit"": 2, ""headache"": true}"
A2I6ZALE49CVSC:3RWE2M8QWIAJFWU0NCV8BRR0FA20N7,11,1551576374184,"{""response_time"": 2082, ""fever"": false, ""condition"": 0, ""mark"": ""questionC2_stop"", ""headache_credit"": 0, ""cough_credit"": 0, ""time"": 1551576374184, ""cough"": false, ""fever_credit"": 0, ""headache"": true}"
A2I6ZALE49CVSC:3RWE2M8QWIAJFWU0NCV8BRR0FA20N7,12,1551576381949,"{""response_time"": 7765, ""fever"": true, ""condition"": 0, ""mark"": ""questionD0_stop"", ""headache_credit"": 0, ""cough_credit"": 2, ""time"": 1551576381949, ""cough"": true, ""fever_credit"": 2, ""headache"": true}"
A2I6ZALE49CVSC:3RWE2M8QWIAJFWU0NCV8BRR0FA20N7,13,1551576388925,"{""response_time"": 6976, ""fever"": false, ""condition"": 0, ""mark"": ""questionD1_stop"", ""headache_credit"": 0, ""cough_credit"": 2, ""time"": 1551576388925, ""cough"": true, ""fever_credit"": 0, ""headache"": true}"
A2I6ZALE49CVSC:3RWE2M8QWIAJFWU0NCV8BRR0FA20N7,14,1551576393650,"{""response_time"": 4725, ""fever"": false, ""condition"": 0, ""mark"": ""questionD2_stop"", ""headache_credit"": 0, ""cough_credit"": 0, ""time"": 1551576393650, ""cough"": false, ""fever_credit"": 0, ""headache"": true}"
A2I6ZALE49CVSC:3RWE2M8QWIAJFWU0NCV8BRR0FA20N7,15,1551576393652,"{""time"": 1551576393652, ""mark"": ""debrief_start""}"
A2I6ZALE49CVSC:3RWE2M8QWIAJFWU0NCV8BRR0FA20N7,16,1551576403092,"{""answer"": ""agree"", ""text"": ""None"", ""time"": 1551576403092, ""response_time"": 9440, ""mark"": ""debrief_end""}"
A1X04W4VU2I2CY:3TK8OJTYM2LZBI7T6OWP09ML9LFVPP,0,1551576298519,"{""time"": 1551576298514, ""condition"": 0, ""mark"": ""instructions_start""}"
A1X04W4VU2I2CY:3TK8OJTYM2LZBI7T6OWP09ML9LFVPP,1,1551576314859,"{""time"": 1551576314858, ""response_time"": 16344, ""condition"": 0, ""mark"": ""instructions_stop""}"
A1X04W4VU2I2CY:3TK8OJTYM2LZBI7T6OWP09ML9LFVPP,2,1551576314907,"{""time"": 1551576314907, ""mark"": ""questionAundefined_start""}"
A1X04W4VU2I2CY:3TK8OJTYM2LZBI7T6OWP09ML9LFVPP,3,1551576375337,"{""response_time"": 60430, ""fever"": true, ""condition"": 0, ""mark"": ""questionA0_stop"", ""headache_credit"": 0, ""cough_credit"": 2, ""time"": 1551576375337, ""cough"": true, ""fever_credit"": 2, ""headache"": true}"
A1X04W4VU2I2CY:3TK8OJTYM2LZBI7T6OWP09ML9LFVPP,4,1551576429362,"{""response_time"": 54024, ""fever"": false, ""condition"": 0, ""mark"": ""questionA1_stop"", ""headache_credit"": 6, ""cough_credit"": 2, ""time"": 1551576429362, ""cough"": true, ""fever_credit"": 0, ""headache"": true}"
A1X04W4VU2I2CY:3TK8OJTYM2LZBI7T6OWP09ML9LFVPP,5,1551576440425,"{""response_time"": 11063, ""fever"": false, ""condition"": 0, ""mark"": ""questionA2_stop"", ""headache_credit"": 0, ""cough_credit"": 0, ""time"": 1551576440425, ""cough"": false, ""fever_credit"": 0, ""headache"": true}"
A1X04W4VU2I2CY:3TK8OJTYM2LZBI7T6OWP09ML9LFVPP,6,1551576460172,"{""response_time"": 19747, ""fever"": true, ""condition"": 0, ""mark"": ""questionB0_stop"", ""headache_credit"": 6, ""cough_credit"": 2, ""time"": 1551576460172, ""cough"": true, ""fever_credit"": 2, ""headache"": true}"
A1X04W4VU2I2CY:3TK8OJTYM2LZBI7T6OWP09ML9LFVPP,7,1551576480107,"{""response_time"": 19935, ""fever"": false, ""condition"": 0, ""mark"": ""questionB1_stop"", ""headache_credit"": 0, ""cough_credit"": 2, ""time"": 1551576480107, ""cough"": true, ""fever_credit"": 0, ""headache"": true}"
A1X04W4VU2I2CY:3TK8OJTYM2LZBI7T6OWP09ML9LFVPP,8,1551576485215,"{""response_time"": 5108, ""fever"": false, ""condition"": 0, ""mark"": ""questionB2_stop"", ""headache_credit"": 0, ""cough_credit"": 0, ""time"": 1551576485215, ""cough"": false, ""fever_credit"": 0, ""headache"": true}"
A1X04W4VU2I2CY:3TK8OJTYM2LZBI7T6OWP09ML9LFVPP,9,1551576500097,"{""response_time"": 14882, ""fever"": true, ""condition"": 0, ""mark"": ""questionC0_stop"", ""headache_credit"": 6, ""cough_credit"": 2, ""time"": 1551576500097, ""cough"": true, ""fever_credit"": 2, ""headache"": true}"
A1X04W4VU2I2CY:3TK8OJTYM2LZBI7T6OWP09ML9LFVPP,10,1551576507670,"{""response_time"": 7573, ""fever"": false, ""condition"": 0, ""mark"": ""questionC1_stop"", ""headache_credit"": 6, ""cough_credit"": 2, ""time"": 1551576507670, ""cough"": true, ""fever_credit"": 0, ""headache"": true}"
A1X04W4VU2I2CY:3TK8OJTYM2LZBI7T6OWP09ML9LFVPP,11,1551576512028,"{""response_time"": 4358, ""fever"": false, ""condition"": 0, ""mark"": ""questionC2_stop"", ""headache_credit"": 0, ""cough_credit"": 0, ""time"": 1551576512028, ""cough"": false, ""fever_credit"": 0, ""headache"": true}"
A1X04W4VU2I2CY:3TK8OJTYM2LZBI7T6OWP09ML9LFVPP,12,1551576518605,"{""response_time"": 6577, ""fever"": true, ""condition"": 0, ""mark"": ""questionD0_stop"", ""headache_credit"": 0, ""cough_credit"": 2, ""time"": 1551576518605, ""cough"": true, ""fever_credit"": 2, ""headache"": true}"
A1X04W4VU2I2CY:3TK8OJTYM2LZBI7T6OWP09ML9LFVPP,13,1551576525452,"{""response_time"": 6846, ""fever"": false, ""condition"": 0, ""mark"": ""questionD1_stop"", ""headache_credit"": 0, ""cough_credit"": 2, ""time"": 1551576525452, ""cough"": true, ""fever_credit"": 0, ""headache"": true}"
A1X04W4VU2I2CY:3TK8OJTYM2LZBI7T6OWP09ML9LFVPP,14,1551576529549,"{""response_time"": 4097, ""fever"": false, ""condition"": 0, ""mark"": ""questionD2_stop"", ""headache_credit"": 0, ""cough_credit"": 0, ""time"": 1551576529549, ""cough"": false, ""fever_credit"": 0, ""headache"": true}"
A1X04W4VU2I2CY:3TK8OJTYM2LZBI7T6OWP09ML9LFVPP,15,1551576529668,"{""time"": 1551576529668, ""mark"": ""debrief_start""}"
A1X04W4VU2I2CY:3TK8OJTYM2LZBI7T6OWP09ML9LFVPP,16,1551576536070,"{""answer"": ""agree"", ""time"": 1551576536070, ""response_time"": 6402, ""mark"": ""debrief_end""}"
A272X64FOZFYLB:3YHH42UU5CFTRWRFBZFTYZNBAF20L5,0,1551576495925,"{""time"": 1551576495925, ""condition"": 0, ""mark"": ""instructions_start""}"
A272X64FOZFYLB:3YHH42UU5CFTRWRFBZFTYZNBAF20L5,1,1551576504966,"{""time"": 1551576504966, ""response_time"": 9041, ""condition"": 0, ""mark"": ""instructions_stop""}"
A272X64FOZFYLB:3YHH42UU5CFTRWRFBZFTYZNBAF20L5,2,1551576504972,"{""time"": 1551576504972, ""mark"": ""questionAundefined_start""}"
A272X64FOZFYLB:3YHH42UU5CFTRWRFBZFTYZNBAF20L5,3,1551576533404,"{""response_time"": 28432, ""fever"": true, ""condition"": 0, ""mark"": ""questionA0_stop"", ""headache_credit"": 0, ""cough_credit"": 2, ""time"": 1551576533404, ""cough"": true, ""fever_credit"": 2, ""headache"": true}"
A272X64FOZFYLB:3YHH42UU5CFTRWRFBZFTYZNBAF20L5,4,1551576571179,"{""response_time"": 37775, ""fever"": false, ""condition"": 0, ""mark"": ""questionA1_stop"", ""headache_credit"": 0, ""cough_credit"": 6, ""time"": 1551576571179, ""cough"": true, ""fever_credit"": 2, ""headache"": true}"
A272X64FOZFYLB:3YHH42UU5CFTRWRFBZFTYZNBAF20L5,5,1551576585368,"{""response_time"": 14189, ""fever"": false, ""condition"": 0, ""mark"": ""questionA2_stop"", ""headache_credit"": 0, ""cough_credit"": 0, ""time"": 1551576585368, ""cough"": false, ""fever_credit"": 0, ""headache"": true}"
A272X64FOZFYLB:3YHH42UU5CFTRWRFBZFTYZNBAF20L5,6,1551576601884,"{""response_time"": 16516, ""fever"": true, ""condition"": 0, ""mark"": ""questionB0_stop"", ""headache_credit"": 0, ""cough_credit"": 5, ""time"": 1551576601884, ""cough"": true, ""fever_credit"": 5, ""headache"": true}"
A272X64FOZFYLB:3YHH42UU5CFTRWRFBZFTYZNBAF20L5,7,1551576610808,"{""response_time"": 8924, ""fever"": false, ""condition"": 0, ""mark"": ""questionB1_stop"", ""headache_credit"": 0, ""cough_credit"": 2, ""time"": 1551576610808, ""cough"": true, ""fever_credit"": 0, ""headache"": true}"
A272X64FOZFYLB:3YHH42UU5CFTRWRFBZFTYZNBAF20L5,8,1551576615539,"{""response_time"": 4731, ""fever"": false, ""condition"": 0, ""mark"": ""questionB2_stop"", ""headache_credit"": 0, ""cough_credit"": 0, ""time"": 1551576615539, ""cough"": false, ""fever_credit"": 0, ""headache"": true}"
A272X64FOZFYLB:3YHH42UU5CFTRWRFBZFTYZNBAF20L5,9,1551576631893,"{""response_time"": 16354, ""fever"": true, ""condition"": 0, ""mark"": ""questionC0_stop"", ""headache_credit"": 0, ""cough_credit"": 5, ""time"": 1551576631893, ""cough"": true, ""fever_credit"": 5, ""headache"": true}"
A272X64FOZFYLB:3YHH42UU5CFTRWRFBZFTYZNBAF20L5,10,1551576640344,"{""response_time"": 8451, ""fever"": false, ""condition"": 0, ""mark"": ""questionC1_stop"", ""headache_credit"": 0, ""cough_credit"": 8, ""time"": 1551576640344, ""cough"": true, ""fever_credit"": 0, ""headache"": true}"
A272X64FOZFYLB:3YHH42UU5CFTRWRFBZFTYZNBAF20L5,11,1551576644681,"{""response_time"": 4337, ""fever"": false, ""condition"": 0, ""mark"": ""questionC2_stop"", ""headache_credit"": 0, ""cough_credit"": 0, ""time"": 1551576644681, ""cough"": false, ""fever_credit"": 0, ""headache"": true}"
A272X64FOZFYLB:3YHH42UU5CFTRWRFBZFTYZNBAF20L5,12,1551576649583,"{""response_time"": 4902, ""fever"": true, ""condition"": 0, ""mark"": ""questionD0_stop"", ""headache_credit"": 0, ""cough_credit"": 2, ""time"": 1551576649583, ""cough"": true, ""fever_credit"": 2, ""headache"": true}"
A272X64FOZFYLB:3YHH42UU5CFTRWRFBZFTYZNBAF20L5,13,1551576654623,"{""response_time"": 5040, ""fever"": false, ""condition"": 0, ""mark"": ""questionD1_stop"", ""headache_credit"": 0, ""cough_credit"": 2, ""time"": 1551576654623, ""cough"": true, ""fever_credit"": 0, ""headache"": true}"
A272X64FOZFYLB:3YHH42UU5CFTRWRFBZFTYZNBAF20L5,14,1551576656845,"{""response_time"": 2222, ""fever"": false, ""condition"": 0, ""mark"": ""questionD2_stop"", ""headache_credit"": 0, ""cough_credit"": 0, ""time"": 1551576656845, ""cough"": false, ""fever_credit"": 0, ""headache"": true}"
A272X64FOZFYLB:3YHH42UU5CFTRWRFBZFTYZNBAF20L5,15,1551576656849,"{""time"": 1551576656849, ""mark"": ""debrief_start""}"
A272X64FOZFYLB:3YHH42UU5CFTRWRFBZFTYZNBAF20L5,16,1551576661553,"{""answer"": ""agree"", ""time"": 1551576661553, ""response_time"": 4704, ""mark"": ""debrief_end""}"
A2RQMEPIHW5BOS:3RSDURM96BMCILD82L3YDWRBDVFYEG,0,1551576792250,"{""time"": 1551576792250, ""condition"": 0, ""mark"": ""instructions_start""}"
A2RQMEPIHW5BOS:3RSDURM96BMCILD82L3YDWRBDVFYEG,1,1551576808827,"{""time"": 1551576808827, ""response_time"": 16577, ""condition"": 0, ""mark"": ""instructions_stop""}"
A2RQMEPIHW5BOS:3RSDURM96BMCILD82L3YDWRBDVFYEG,2,1551576808834,"{""time"": 1551576808834, ""mark"": ""questionAundefined_start""}"
A2RQMEPIHW5BOS:3RSDURM96BMCILD82L3YDWRBDVFYEG,3,1551576883734,"{""response_time"": 74899, ""fever"": true, ""condition"": 0, ""mark"": ""questionA0_stop"", ""headache_credit"": 0, ""cough_credit"": 2, ""time"": 1551576883733, ""cough"": true, ""fever_credit"": 2, ""headache"": true}"
A2RQMEPIHW5BOS:3RSDURM96BMCILD82L3YDWRBDVFYEG,4,1551576907849,"{""response_time"": 24115, ""fever"": false, ""condition"": 0, ""mark"": ""questionA1_stop"", ""headache_credit"": 0, ""cough_credit"": 8, ""time"": 1551576907849, ""cough"": true, ""fever_credit"": 0, ""headache"": true}"
A2RQMEPIHW5BOS:3RSDURM96BMCILD82L3YDWRBDVFYEG,5,1551576922475,"{""response_time"": 14626, ""fever"": false, ""condition"": 0, ""mark"": ""questionA2_stop"", ""headache_credit"": 0, ""cough_credit"": 0, ""time"": 1551576922475, ""cough"": false, ""fever_credit"": 0, ""headache"": true}"
A2RQMEPIHW5BOS:3RSDURM96BMCILD82L3YDWRBDVFYEG,6,1551576988744,"{""response_time"": 66268, ""fever"": true, ""condition"": 0, ""mark"": ""questionB0_stop"", ""headache_credit"": 3, ""cough_credit"": 4, ""time"": 1551576988744, ""cough"": true, ""fever_credit"": 3, ""headache"": true}"
A2RQMEPIHW5BOS:3RSDURM96BMCILD82L3YDWRBDVFYEG,7,1551577028483,"{""response_time"": 39739, ""fever"": false, ""condition"": 0, ""mark"": ""questionB1_stop"", ""headache_credit"": 0, ""cough_credit"": 2, ""time"": 1551577028483, ""cough"": true, ""fever_credit"": 0, ""headache"": true}"
A2RQMEPIHW5BOS:3RSDURM96BMCILD82L3YDWRBDVFYEG,8,1551577049106,"{""response_time"": 20623, ""fever"": false, ""condition"": 0, ""mark"": ""questionB2_stop"", ""headache_credit"": 0, ""cough_credit"": 0, ""time"": 1551577049106, ""cough"": false, ""fever_credit"": 0, ""headache"": true}"
A2RQMEPIHW5BOS:3RSDURM96BMCILD82L3YDWRBDVFYEG,9,1551577077163,"{""response_time"": 28056, ""fever"": true, ""condition"": 0, ""mark"": ""questionC0_stop"", ""headache_credit"": 3, ""cough_credit"": 3, ""time"": 1551577077163, ""cough"": true, ""fever_credit"": 4, ""headache"": true}"
A2RQMEPIHW5BOS:3RSDURM96BMCILD82L3YDWRBDVFYEG,10,1551577118196,"{""response_time"": 41033, ""fever"": false, ""condition"": 0, ""mark"": ""questionC1_stop"", ""headache_credit"": 0, ""cough_credit"": 8, ""time"": 1551577118196, ""cough"": true, ""fever_credit"": 0, ""headache"": true}"
A2RQMEPIHW5BOS:3RSDURM96BMCILD82L3YDWRBDVFYEG,11,1551577124870,"{""response_time"": 6674, ""fever"": false, ""condition"": 0, ""mark"": ""questionC2_stop"", ""headache_credit"": 0, ""cough_credit"": 0, ""time"": 1551577124870, ""cough"": false, ""fever_credit"": 0, ""headache"": true}"
A2RQMEPIHW5BOS:3RSDURM96BMCILD82L3YDWRBDVFYEG,12,1551577141089,"{""response_time"": 16219, ""fever"": true, ""condition"": 0, ""mark"": ""questionD0_stop"", ""headache_credit"": 0, ""cough_credit"": 2, ""time"": 1551577141089, ""cough"": true, ""fever_credit"": 2, ""headache"": true}"
A2RQMEPIHW5BOS:3RSDURM96BMCILD82L3YDWRBDVFYEG,13,1551577148083,"{""response_time"": 6994, ""fever"": false, ""condition"": 0, ""mark"": ""questionD1_stop"", ""headache_credit"": 0, ""cough_credit"": 2, ""time"": 1551577148083, ""cough"": true, ""fever_credit"": 0, ""headache"": true}"
A2RQMEPIHW5BOS:3RSDURM96BMCILD82L3YDWRBDVFYEG,14,1551577152085,"{""response_time"": 4002, ""fever"": false, ""condition"": 0, ""mark"": ""questionD2_stop"", ""headache_credit"": 0, ""cough_credit"": 0, ""time"": 1551577152085, ""cough"": false, ""fever_credit"": 0, ""headache"": true}"
A2RQMEPIHW5BOS:3RSDURM96BMCILD82L3YDWRBDVFYEG,15,1551577152093,"{""time"": 1551577152093, ""mark"": ""debrief_start""}"
A2RQMEPIHW5BOS:3RSDURM96BMCILD82L3YDWRBDVFYEG,16,1551577160523,"{""answer"": ""agree"", ""time"": 1551577160523, ""response_time"": 8430, ""mark"": ""debrief_end""}"
A3V1VK1A3NYN17:3FE2ERCCZY84LYYW5CAB5HSDDSJPOI,0,1551577307513,"{""time"": 1551577307513, ""condition"": 0, ""mark"": ""instructions_start""}"
A3V1VK1A3NYN17:3FE2ERCCZY84LYYW5CAB5HSDDSJPOI,1,1551577410914,"{""time"": 1551577410914, ""response_time"": 103401, ""condition"": 0, ""mark"": ""instructions_stop""}"
A3V1VK1A3NYN17:3FE2ERCCZY84LYYW5CAB5HSDDSJPOI,2,1551577410916,"{""time"": 1551577410916, ""mark"": ""questionAundefined_start""}"
A3V1VK1A3NYN17:3FE2ERCCZY84LYYW5CAB5HSDDSJPOI,3,1551577450211,"{""response_time"": 39295, ""fever"": true, ""condition"": 0, ""mark"": ""questionA0_stop"", ""headache_credit"": 0, ""cough_credit"": 2, ""time"": 1551577450211, ""cough"": true, ""fever_credit"": 2, ""headache"": true}"
A3V1VK1A3NYN17:3FE2ERCCZY84LYYW5CAB5HSDDSJPOI,4,1551577456107,"{""response_time"": 5896, ""fever"": false, ""condition"": 0, ""mark"": ""questionA1_stop"", ""headache_credit"": 6, ""cough_credit"": 2, ""time"": 1551577456107, ""cough"": true, ""fever_credit"": 0, ""headache"": true}"
A3V1VK1A3NYN17:3FE2ERCCZY84LYYW5CAB5HSDDSJPOI,5,1551577460368,"{""response_time"": 4261, ""fever"": false, ""condition"": 0, ""mark"": ""questionA2_stop"", ""headache_credit"": 0, ""cough_credit"": 0, ""time"": 1551577460368, ""cough"": false, ""fever_credit"": 0, ""headache"": true}"
A3V1VK1A3NYN17:3FE2ERCCZY84LYYW5CAB5HSDDSJPOI,6,1551577469261,"{""response_time"": 8893, ""fever"": true, ""condition"": 0, ""mark"": ""questionB0_stop"", ""headache_credit"": 4, ""cough_credit"": 4, ""time"": 1551577469261, ""cough"": true, ""fever_credit"": 2, ""headache"": true}"
A3V1VK1A3NYN17:3FE2ERCCZY84LYYW5CAB5HSDDSJPOI,7,1551577475033,"{""response_time"": 5772, ""fever"": false, ""condition"": 0, ""mark"": ""questionB1_stop"", ""headache_credit"": 0, ""cough_credit"": 0, ""time"": 1551577475033, ""cough"": true, ""fever_credit"": 2, ""headache"": true}"
A3V1VK1A3NYN17:3FE2ERCCZY84LYYW5CAB5HSDDSJPOI,8,1551577480739,"{""response_time"": 5706, ""fever"": false, ""condition"": 0, ""mark"": ""questionB2_stop"", ""headache_credit"": 0, ""cough_credit"": 0, ""time"": 1551577480739, ""cough"": false, ""fever_credit"": 0, ""headache"": true}"
A3V1VK1A3NYN17:3FE2ERCCZY84LYYW5CAB5HSDDSJPOI,9,1551577493312,"{""response_time"": 12573, ""fever"": true, ""condition"": 0, ""mark"": ""questionC0_stop"", ""headache_credit"": 0, ""cough_credit"": 0, ""time"": 1551577493312, ""cough"": true, ""fever_credit"": 10, ""headache"": true}"
A3V1VK1A3NYN17:3FE2ERCCZY84LYYW5CAB5HSDDSJPOI,10,1551577497698,"{""response_time"": 4386, ""fever"": false, ""condition"": 0, ""mark"": ""questionC1_stop"", ""headache_credit"": 4, ""cough_credit"": 0, ""time"": 1551577497698, ""cough"": true, ""fever_credit"": 4, ""headache"": true}"
A3V1VK1A3NYN17:3FE2ERCCZY84LYYW5CAB5HSDDSJPOI,11,1551577499559,"{""response_time"": 1861, ""fever"": false, ""condition"": 0, ""mark"": ""questionC2_stop"", ""headache_credit"": 0, ""cough_credit"": 0, ""time"": 1551577499559, ""cough"": false, ""fever_credit"": 0, ""headache"": true}"
A3V1VK1A3NYN17:3FE2ERCCZY84LYYW5CAB5HSDDSJPOI,12,1551577501993,"{""response_time"": 2434, ""fever"": true, ""condition"": 0, ""mark"": ""questionD0_stop"", ""headache_credit"": 0, ""cough_credit"": 0, ""time"": 1551577501993, ""cough"": true, ""fever_credit"": 4, ""headache"": true}"
A3V1VK1A3NYN17:3FE2ERCCZY84LYYW5CAB5HSDDSJPOI,13,1551577504573,"{""response_time"": 2580, ""fever"": false, ""condition"": 0, ""mark"": ""questionD1_stop"", ""headache_credit"": 0, ""cough_credit"": 0, ""time"": 1551577504573, ""cough"": true, ""fever_credit"": 2, ""headache"": true}"
A3V1VK1A3NYN17:3FE2ERCCZY84LYYW5CAB5HSDDSJPOI,14,1551577505606,"{""response_time"": 1033, ""fever"": false, ""condition"": 0, ""mark"": ""questionD2_stop"", ""headache_credit"": 0, ""cough_credit"": 0, ""time"": 1551577505606, ""cough"": false, ""fever_credit"": 0, ""headache"": true}"
A3V1VK1A3NYN17:3FE2ERCCZY84LYYW5CAB5HSDDSJPOI,15,1551577505608,"{""time"": 1551577505608, ""mark"": ""debrief_start""}"
A3V1VK1A3NYN17:3FE2ERCCZY84LYYW5CAB5HSDDSJPOI,16,1551577508342,"{""answer"": ""agree"", ""time"": 1551577508342, ""response_time"": 2734, ""mark"": ""debrief_end""}"
A2KULPQLIRYC9D:3LS2AMNW5GQPLAZB5PP05MINIO5QOA,0,1551577714897,"{""time"": 1551577714897, ""condition"": 0, ""mark"": ""instructions_start""}"
A2KULPQLIRYC9D:3LS2AMNW5GQPLAZB5PP05MINIO5QOA,1,1551577726462,"{""time"": 1551577726462, ""response_time"": 11565, ""condition"": 0, ""mark"": ""instructions_stop""}"
A2KULPQLIRYC9D:3LS2AMNW5GQPLAZB5PP05MINIO5QOA,2,1551577726471,"{""time"": 1551577726470, ""mark"": ""questionAundefined_start""}"
A2KULPQLIRYC9D:3LS2AMNW5GQPLAZB5PP05MINIO5QOA,3,1551577787029,"{""response_time"": 60559, ""fever"": true, ""condition"": 0, ""mark"": ""questionA0_stop"", ""headache_credit"": 2, ""cough_credit"": 2, ""time"": 1551577787029, ""cough"": true, ""fever_credit"": 0, ""headache"": true}"
A2KULPQLIRYC9D:3LS2AMNW5GQPLAZB5PP05MINIO5QOA,4,1551577802352,"{""response_time"": 15323, ""fever"": false, ""condition"": 0, ""mark"": ""questionA1_stop"", ""headache_credit"": 4, ""cough_credit"": 4, ""time"": 1551577802352, ""cough"": true, ""fever_credit"": 0, ""headache"": true}"
A2KULPQLIRYC9D:3LS2AMNW5GQPLAZB5PP05MINIO5QOA,5,1551577816299,"{""response_time"": 13946, ""fever"": false, ""condition"": 0, ""mark"": ""questionA2_stop"", ""headache_credit"": 0, ""cough_credit"": 0, ""time"": 1551577816299, ""cough"": false, ""fever_credit"": 0, ""headache"": true}"
A2KULPQLIRYC9D:3LS2AMNW5GQPLAZB5PP05MINIO5QOA,6,1551577844572,"{""response_time"": 28272, ""fever"": true, ""condition"": 0, ""mark"": ""questionB0_stop"", ""headache_credit"": 3, ""cough_credit"": 4, ""time"": 1551577844572, ""cough"": true, ""fever_credit"": 3, ""headache"": true}"
A2KULPQLIRYC9D:3LS2AMNW5GQPLAZB5PP05MINIO5QOA,7,1551577855401,"{""response_time"": 10829, ""fever"": false, ""condition"": 0, ""mark"": ""questionB1_stop"", ""headache_credit"": 1, ""cough_credit"": 1, ""time"": 1551577855401, ""cough"": true, ""fever_credit"": 0, ""headache"": true}"
A2KULPQLIRYC9D:3LS2AMNW5GQPLAZB5PP05MINIO5QOA,8,1551577861083,"{""response_time"": 5682, ""fever"": false, ""condition"": 0, ""mark"": ""questionB2_stop"", ""headache_credit"": 0, ""cough_credit"": 0, ""time"": 1551577861083, ""cough"": false, ""fever_credit"": 0, ""headache"": true}"
A2KULPQLIRYC9D:3LS2AMNW5GQPLAZB5PP05MINIO5QOA,9,1551577874305,"{""response_time"": 13222, ""fever"": true, ""condition"": 0, ""mark"": ""questionC0_stop"", ""headache_credit"": 3, ""cough_credit"": 4, ""time"": 1551577874305, ""cough"": true, ""fever_credit"": 3, ""headache"": true}"
A2KULPQLIRYC9D:3LS2AMNW5GQPLAZB5PP05MINIO5QOA,10,1551577890680,"{""response_time"": 16375, ""fever"": false, ""condition"": 0, ""mark"": ""questionC1_stop"", ""headache_credit"": 2, ""cough_credit"": 6, ""time"": 1551577890680, ""cough"": true, ""fever_credit"": 0, ""headache"": true}"
A2KULPQLIRYC9D:3LS2AMNW5GQPLAZB5PP05MINIO5QOA,11,1551577912194,"{""response_time"": 21514, ""fever"": false, ""condition"": 0, ""mark"": ""questionC2_stop"", ""headache_credit"": 0, ""cough_credit"": 0, ""time"": 1551577912194, ""cough"": false, ""fever_credit"": 0, ""headache"": true}"
A2KULPQLIRYC9D:3LS2AMNW5GQPLAZB5PP05MINIO5QOA,12,1551577935594,"{""response_time"": 23400, ""fever"": true, ""condition"": 0, ""mark"": ""questionD0_stop"", ""headache_credit"": 2, ""cough_credit"": 1, ""time"": 1551577935594, ""cough"": true, ""fever_credit"": 1, ""headache"": true}"
A2KULPQLIRYC9D:3LS2AMNW5GQPLAZB5PP05MINIO5QOA,13,1551577961676,"{""response_time"": 26082, ""fever"": false, ""condition"": 0, ""mark"": ""questionD1_stop"", ""headache_credit"": 1, ""cough_credit"": 1, ""time"": 1551577961676, ""cough"": true, ""fever_credit"": 0, ""headache"": true}"
A2KULPQLIRYC9D:3LS2AMNW5GQPLAZB5PP05MINIO5QOA,14,1551577965580,"{""response_time"": 3904, ""fever"": false, ""condition"": 0, ""mark"": ""questionD2_stop"", ""headache_credit"": 0, ""cough_credit"": 0, ""time"": 1551577965580, ""cough"": false, ""fever_credit"": 0, ""headache"": true}"
A2KULPQLIRYC9D:3LS2AMNW5GQPLAZB5PP05MINIO5QOA,15,1551577965590,"{""time"": 1551577965590, ""mark"": ""debrief_start""}"
A2KULPQLIRYC9D:3LS2AMNW5GQPLAZB5PP05MINIO5QOA,16,1551577972684,"{""answer"": ""agree"", ""time"": 1551577972684, ""response_time"": 7094, ""mark"": ""debrief_end""}"
A1KXESMB9K7504:3HUTX6F6VVN8TRXQ3EZZ94KK2IS2O9,0,1551577728715,"{""time"": 1551577728715, ""condition"": 0, ""mark"": ""instructions_start""}"
A1KXESMB9K7504:3HUTX6F6VVN8TRXQ3EZZ94KK2IS2O9,1,1551577738932,"{""time"": 1551577738932, ""response_time"": 10217, ""condition"": 0, ""mark"": ""instructions_stop""}"
A1KXESMB9K7504:3HUTX6F6VVN8TRXQ3EZZ94KK2IS2O9,2,1551577738934,"{""time"": 1551577738934, ""mark"": ""questionAundefined_start""}"
A1KXESMB9K7504:3HUTX6F6VVN8TRXQ3EZZ94KK2IS2O9,3,1551577824933,"{""response_time"": 85999, ""fever"": true, ""condition"": 0, ""mark"": ""questionA0_stop"", ""headache_credit"": 0, ""cough_credit"": 2, ""time"": 1551577824933, ""cough"": true, ""fever_credit"": 2, ""headache"": true}"
A1KXESMB9K7504:3HUTX6F6VVN8TRXQ3EZZ94KK2IS2O9,4,1551577837564,"{""response_time"": 12631, ""fever"": false, ""condition"": 0, ""mark"": ""questionA1_stop"", ""headache_credit"": 0, ""cough_credit"": 2, ""time"": 1551577837564, ""cough"": true, ""fever_credit"": 6, ""headache"": true}"
A1KXESMB9K7504:3HUTX6F6VVN8TRXQ3EZZ94KK2IS2O9,5,1551577842991,"{""response_time"": 5427, ""fever"": false, ""condition"": 0, ""mark"": ""questionA2_stop"", ""headache_credit"": 0, ""cough_credit"": 0, ""time"": 1551577842991, ""cough"": false, ""fever_credit"": 0, ""headache"": true}"
A1KXESMB9K7504:3HUTX6F6VVN8TRXQ3EZZ94KK2IS2O9,6,1551577865941,"{""response_time"": 22950, ""fever"": true, ""condition"": 0, ""mark"": ""questionB0_stop"", ""headache_credit"": 0, ""cough_credit"": 2, ""time"": 1551577865941, ""cough"": true, ""fever_credit"": 8, ""headache"": true}"
A1KXESMB9K7504:3HUTX6F6VVN8TRXQ3EZZ94KK2IS2O9,7,1551577870969,"{""response_time"": 5028, ""fever"": false, ""condition"": 0, ""mark"": ""questionB1_stop"", ""headache_credit"": 0, ""cough_credit"": 2, ""time"": 1551577870969, ""cough"": true, ""fever_credit"": 0, ""headache"": true}"
A1KXESMB9K7504:3HUTX6F6VVN8TRXQ3EZZ94KK2IS2O9,8,1551577873181,"{""response_time"": 2212, ""fever"": false, ""condition"": 0, ""mark"": ""questionB2_stop"", ""headache_credit"": 0, ""cough_credit"": 0, ""time"": 1551577873181, ""cough"": false, ""fever_credit"": 0, ""headache"": true}"
A1KXESMB9K7504:3HUTX6F6VVN8TRXQ3EZZ94KK2IS2O9,9,1551577884149,"{""response_time"": 10968, ""fever"": true, ""condition"": 0, ""mark"": ""questionC0_stop"", ""headache_credit"": 0, ""cough_credit"": 8, ""time"": 1551577884149, ""cough"": true, ""fever_credit"": 2, ""headache"": true}"
A1KXESMB9K7504:3HUTX6F6VVN8TRXQ3EZZ94KK2IS2O9,10,1551577893774,"{""response_time"": 9625, ""fever"": false, ""condition"": 0, ""mark"": ""questionC1_stop"", ""headache_credit"": 0, ""cough_credit"": 2, ""time"": 1551577893774, ""cough"": true, ""fever_credit"": 6, ""headache"": true}"
A1KXESMB9K7504:3HUTX6F6VVN8TRXQ3EZZ94KK2IS2O9,11,1551577896291,"{""response_time"": 2517, ""fever"": false, ""condition"": 0, ""mark"": ""questionC2_stop"", ""headache_credit"": 0, ""cough_credit"": 0, ""time"": 1551577896291, ""cough"": false, ""fever_credit"": 0, ""headache"": true}"
A1KXESMB9K7504:3HUTX6F6VVN8TRXQ3EZZ94KK2IS2O9,12,1551577902991,"{""response_time"": 6700, ""fever"": true, ""condition"": 0, ""mark"": ""questionD0_stop"", ""headache_credit"": 0, ""cough_credit"": 2, ""time"": 1551577902991, ""cough"": true, ""fever_credit"": 2, ""headache"": true}"
A1KXESMB9K7504:3HUTX6F6VVN8TRXQ3EZZ94KK2IS2O9,13,1551577906498,"{""response_time"": 3507, ""fever"": false, ""condition"": 0, ""mark"": ""questionD1_stop"", ""headache_credit"": 0, ""cough_credit"": 2, ""time"": 1551577906498, ""cough"": true, ""fever_credit"": 0, ""headache"": true}"
A1KXESMB9K7504:3HUTX6F6VVN8TRXQ3EZZ94KK2IS2O9,14,1551577913914,"{""response_time"": 7416, ""fever"": false, ""condition"": 0, ""mark"": ""questionD2_stop"", ""headache_credit"": 0, ""cough_credit"": 0, ""time"": 1551577913914, ""cough"": false, ""fever_credit"": 0, ""headache"": true}"
A1KXESMB9K7504:3HUTX6F6VVN8TRXQ3EZZ94KK2IS2O9,15,1551577913916,"{""time"": 1551577913916, ""mark"": ""debrief_start""}"
A1KXESMB9K7504:3HUTX6F6VVN8TRXQ3EZZ94KK2IS2O9,16,1551577931808,"{""answer"": ""agree"", ""text"": ""Everything was clear with no errors at all!"", ""time"": 1551577931808, ""response_time"": 17892, ""mark"": ""debrief_end""}"
A1KGCOR8OXYR72:3OUYGIZWR8YJIH6D3R80FGWVFP80P8,0,1551582344638,"{""time"": 1551582344637, ""condition"": 0, ""mark"": ""instructions_start""}"
A1KGCOR8OXYR72:3OUYGIZWR8YJIH6D3R80FGWVFP80P8,1,1551582373988,"{""time"": 1551582373988, ""response_time"": 29351, ""condition"": 0, ""mark"": ""instructions_stop""}"
A1KGCOR8OXYR72:3OUYGIZWR8YJIH6D3R80FGWVFP80P8,2,1551582373991,"{""time"": 1551582373991, ""mark"": ""questionAundefined_start""}"
A1KGCOR8OXYR72:3OUYGIZWR8YJIH6D3R80FGWVFP80P8,3,1551582412976,"{""response_time"": 38985, ""fever"": true, ""condition"": 0, ""mark"": ""questionA0_stop"", ""headache_credit"": 0, ""cough_credit"": 2, ""time"": 1551582412976, ""cough"": true, ""fever_credit"": 2, ""headache"": true}"
A1KGCOR8OXYR72:3OUYGIZWR8YJIH6D3R80FGWVFP80P8,4,1551582436182,"{""response_time"": 23206, ""fever"": false, ""condition"": 0, ""mark"": ""questionA1_stop"", ""headache_credit"": 2, ""cough_credit"": 6, ""time"": 1551582436182, ""cough"": true, ""fever_credit"": 0, ""headache"": true}"
A1KGCOR8OXYR72:3OUYGIZWR8YJIH6D3R80FGWVFP80P8,5,1551582449861,"{""response_time"": 13679, ""fever"": false, ""condition"": 0, ""mark"": ""questionA2_stop"", ""headache_credit"": 0, ""cough_credit"": 0, ""time"": 1551582449861, ""cough"": false, ""fever_credit"": 0, ""headache"": true}"
A1KGCOR8OXYR72:3OUYGIZWR8YJIH6D3R80FGWVFP80P8,6,1551582474040,"{""response_time"": 24178, ""fever"": true, ""condition"": 0, ""mark"": ""questionB0_stop"", ""headache_credit"": 0, ""cough_credit"": 5, ""time"": 1551582474040, ""cough"": true, ""fever_credit"": 5, ""headache"": true}"
A1KGCOR8OXYR72:3OUYGIZWR8YJIH6D3R80FGWVFP80P8,7,1551582480947,"{""response_time"": 6907, ""fever"": false, ""condition"": 0, ""mark"": ""questionB1_stop"", ""headache_credit"": 0, ""cough_credit"": 2, ""time"": 1551582480947, ""cough"": true, ""fever_credit"": 0, ""headache"": true}"
A1KGCOR8OXYR72:3OUYGIZWR8YJIH6D3R80FGWVFP80P8,8,1551582487776,"{""response_time"": 6829, ""fever"": false, ""condition"": 0, ""mark"": ""questionB2_stop"", ""headache_credit"": 0, ""cough_credit"": 0, ""time"": 1551582487776, ""cough"": false, ""fever_credit"": 0, ""headache"": true}"
A1KGCOR8OXYR72:3OUYGIZWR8YJIH6D3R80FGWVFP80P8,9,1551582495946,"{""response_time"": 8170, ""fever"": true, ""condition"": 0, ""mark"": ""questionC0_stop"", ""headache_credit"": 0, ""cough_credit"": 5, ""time"": 1551582495946, ""cough"": true, ""fever_credit"": 5, ""headache"": true}"
A1KGCOR8OXYR72:3OUYGIZWR8YJIH6D3R80FGWVFP80P8,10,1551582518143,"{""response_time"": 22196, ""fever"": false, ""condition"": 0, ""mark"": ""questionC1_stop"", ""headache_credit"": 0, ""cough_credit"": 8, ""time"": 1551582518143, ""cough"": true, ""fever_credit"": 0, ""headache"": true}"
A1KGCOR8OXYR72:3OUYGIZWR8YJIH6D3R80FGWVFP80P8,11,1551582524193,"{""response_time"": 6050, ""fever"": false, ""condition"": 0, ""mark"": ""questionC2_stop"", ""headache_credit"": 0, ""cough_credit"": 0, ""time"": 1551582524193, ""cough"": false, ""fever_credit"": 0, ""headache"": true}"
A1KGCOR8OXYR72:3OUYGIZWR8YJIH6D3R80FGWVFP80P8,12,1551582530952,"{""response_time"": 6759, ""fever"": true, ""condition"": 0, ""mark"": ""questionD0_stop"", ""headache_credit"": 0, ""cough_credit"": 2, ""time"": 1551582530952, ""cough"": true, ""fever_credit"": 2, ""headache"": true}"
A1KGCOR8OXYR72:3OUYGIZWR8YJIH6D3R80FGWVFP80P8,13,1551582545695,"{""response_time"": 14743, ""fever"": false, ""condition"": 0, ""mark"": ""questionD1_stop"", ""headache_credit"": 0, ""cough_credit"": 2, ""time"": 1551582545695, ""cough"": true, ""fever_credit"": 0, ""headache"": true}"
A1KGCOR8OXYR72:3OUYGIZWR8YJIH6D3R80FGWVFP80P8,14,1551582547841,"{""response_time"": 2146, ""fever"": false, ""condition"": 0, ""mark"": ""questionD2_stop"", ""headache_credit"": 0, ""cough_credit"": 0, ""time"": 1551582547841, ""cough"": false, ""fever_credit"": 0, ""headache"": true}"
A1KGCOR8OXYR72:3OUYGIZWR8YJIH6D3R80FGWVFP80P8,15,1551582547844,"{""time"": 1551582547844, ""mark"": ""debrief_start""}"
A1KGCOR8OXYR72:3OUYGIZWR8YJIH6D3R80FGWVFP80P8,16,1551582553515,"{""answer"": ""agree"", ""time"": 1551582553515, ""response_time"": 5671, ""mark"": ""debrief_end""}"
